Country,Romanized Name
AZ,Guliyev
AZ,Abdullayev
AZ,Abbasov
CN,Wong
CN,Lee
CN,Chow
CN,Tsui
CN,Chu
CN,Wu
CN,Kwok
CN,Ho
CN,Lam
CN,Ko
GE,Mamedovi
GE,Alievi
GE,Bairamovi
KR,Ghim
KR,Bak
KR,Choy
KR,Joy
KR,Cheong
KR,Jung
KR,Young
KR,Ghang
KR,Joe
KR,Youn
KR,Rhim
KR,Seoh
KR,Kuen
KR,Ryoo
KR,Chun
KR,Cheon
KR,Go
KR,Goh
KR,Mon
KR,Munn
KR,Sonn
KR,Pai
KR,Pae
KR,Pak
KR,Bak
KR,Bhak
KR,Phak
KR,Her
KR,Hui
KR,Lau
KR,Yau
KR,Nan
KR,Nham
KR,Koak
KR,Shong
KR,Shung
KR,Chu
KR,Zhu
KR,Zuu
KR,Juu
KR,Choo
KR,Goo
KR,Chen
KR,Jen
KR,Um
NP,Chowdhury
PH,Garcia
PH,Reyes
PH,Ramos
PH,Mendoza
PH,Santos
PH,Flores
PH,Gonzales
PH,Bautista
PH,Villanueva
PH,Fernandez
PH,Cruz
PH,Lopez
PH,Perez
PH,Castillo
PH,Francisco
PH,Rivera
PH,Aquino
PH,Castro
PH,Sanchez
PH,Torres
PH,Domingo
PH,Martinez
PH,Rodriguez
PH,Santiago
PH,Soriano
PH,Diaz
PH,Hernandez
PH,Tolentino
PH,Valdez
PH,Ramirez
PH,Morales
PH,Mercado
PH,Tan
PH,Aguilar
PH,Navarro
PH,Manalo
PH,Gomez
PH,Dizon
PH,Javier
PH,Corpuz
PH,Gutierrez
PH,Salvador
PH,Velasco
PH,Miranda
PH,David
LK,Perera
LK,Fernando
LK,Bandara
LK,Kumara
LK,Dissanayake
LK,Mohamed
LK,Gamage
LK,Liyanage
LK,Jayasinghe
LK,Ranasinghe
LK,Herath
LK,Weerasinghe
LK,Peiris
LK,Rathnayake
LK,Wickramasinghe
LK,Wijesinghe
LK,Hettiarachchi
LK,Nanayakkara
LK,Ahamed
LK,Rajapaksha
LK,Mendis
LK,Pathirana
LK,Ekanayake
LK,Gunasekara
LK,Dias
LK,Sampath
LK,Amarasinghe
LK,Ratnayake
LK,Chathuranga
LK,Senanayake
LK,Samarasinghe
LK,Lakmal
LK,Munasinghe
LK,Rodrigo
LK,Seneviratne
LK,Rathnayaka
LK,Edirisinghe
LK,Jayawardena
LK,Fonseka
LK,Sanjeewa
LK,Gunawardana
LK,Gunawardena
LK,Karunaratne
LK,Jayaweera
LK,Jayasekara
LK,Ranaweera
LK,Jayawardana
LK,Jayasuriya
LK,Madusanka
TR,Kaya
TR,Demir
TR,Arslan
TR,Aslan
TR,Kara
TR,Kurt
TW,Can
TW,Chan
TW,Chun
TW,Ting
TW,Lin
TW,Lam
TW,Lum
TW,Lim
TW,Liem
TW,Wong
TW,Wang
TW,Vang
TW,Ng
TW,Eng
TW,Ung
TW,Zoeng
TW,Cheung
TW,Chong
TW,Cheong
TW,Tiu
TW,Teo
TW,Teoh
TW,Tiong
TW,Li
TW,Lei
TW,Lee
TW,Li
TW,Le
TW,Lei
TW,Lee
TW,Wang
TW,Vong
TW,Heng
TW,Goh
TW,Gouw
TW,Woo
TW,Lau
TW,Lao
TW,Lou
TW,Low
TW,Coi
TW,Choi
TW,Choy
TW,Tsoi
TW,Toy
TW,Chua
TW,Choa
TW,Tsay
TW,Chai
TW,Joeng
TW,Yeung
TW,Yeong
TW,Ieong
TW,Eaw
TW,Young
AL,Hoxha
AL,Prifti
AL,Shehu
AL,Dervishi
AL,Bektashi
AL,Begu
AL,Gjoni
AL,Leka
AL,Gjoni
AL,Murati
AL,Mehmeti
AL,Hysi
AL,Gjika
AL,Marku
AL,Kola
AL,Kolla
AL,Nikolla
AL,Hasani
AL,Kristi
AL,Kristo
AL,Luka
AL,Brahimi
AL,Sinani
AL,Thanasi
AL,Halili
AL,Abazi
AL,Dibra
AL,Shkodra
AL,Prishtina
AL,Delvina
AL,Koroveshi
AL,Gega
AL,Gegaj
AL,Toska
AL,Toskaj
AL,Kelmendi
AL,Shkreli
AL,Berisha
AL,Krasniqi
AL,Gashi
AL,Kuqi
AL,Bardhi
AT,Gruber
AT,Huber
AT,Bauer
AT,Wagner
AT,Pichler
AT,Steiner
AT,Moser
AT,Mayer
AT,Hofer
AT,Leitner
AT,Berger
AT,Fuchs
AT,Eder
AT,Fischer
AT,Schmid
AT,Winkler
AT,Weber
AT,Schwarz
AT,Maier
AT,Schneider
AT,Reiter
AT,Mayr
AT,Schmidt
AT,Wimmer
AT,Egger
AT,Brunner
AT,Lang
AT,Baumgartner
AT,Auer
AT,Binder
AT,Lechner
AT,Wolf
AT,Wallner
AT,Aigner
AT,Ebner
AT,Koller
AT,Lehner
AT,Haas
AT,Schuster
AT,Heilig
BE,Peeters
BE,Janssens
BE,Maes
BE,Jacobs
BE,Mertens
BE,Willems
BE,Claes
BE,Goossens
BE,Wouters
BE,Dubois
BE,Lambert
BE,Dupont
BE,Martin
BE,Diallo
BE,Simon
BE,Dumont
BE,Leclercq
BE,Laurent
BE,Denis
BE,Lejeune
BE,Bah
BE,Barry
BE,Nguyen
BE,Sow
BE,Benali
HR,Horvat
HR,Novak
CZ,Svoboda
DK,Nielsen
DK,Jensen
DK,Hansen
DK,Pedersen
DK,Andersen
DK,Christensen
DK,Larsen
DK,Rasmussen
DK,Petersen
DK,Madsen
DK,Kristensen
DK,Olsen
DK,Thomsen
DK,Christiansen
DK,Poulsen
DK,Johansen
DK,Mortensen
FO,Joensen
FO,Hansen
FO,Jacobsen
FO,Olsen
FO,Petersen
FO,Poulsen
FO,Johannesen
FO,Thomsen
FO,Nielsen
FO,Rasmussen
FO,Djurhuus
FO,Johansen
FO,Simonsen
FO,Danielsen
FO,Jensen
FO,Mortensen
FO,Mikkelsen
FO,Dam
EE,Ivanov
EE,Tamm
EE,Saar
EE,Sepp
EE,Smirnov
EE,Vassiljev
EE,Petrov
EE,Kask
EE,Kukk
EE,Kuznetsov
EE,Rebane
EE,Karpin
EE,Ilves
EE,Mihhailov
EE,Pavlov
EE,Semjonov
EE,Koppel
EE,Andrejev
EE,Aleksejev
FI,Korhonen
FI,Virtanen
FI,Nieminen
FI,Laine
FI,Heikkinen
FI,Koskinen
FI,Lehtonen
FI,Lehtinen
FI,Saarinen
FI,Salminen
FI,Heinonen
FI,Niemi
FI,Kinnunen
FI,Salonen
FI,Turunen
FI,Salo
FI,Laitinen
FI,Tuominen
FI,Rantanen
FI,Karjalainen
FI,Jokinen
FI,Mattila
FI,Savolainen
FI,Lahtinen
FI,Ahonen
FR,Martin
FR,Bernard
FR,Dubois
FR,Thomas
FR,Robert
FR,Richard
FR,Petit
FR,Durand
FR,Leroy
FR,Moreau
FR,Simon
FR,Laurent
FR,Lefebvre
FR,Michel
FR,Garcia
FR,David
FR,Bertrand
FR,Roux
FR,Vincent
FR,Fournier
FR,Morel
FR,Girard
FR,Mercier
FR,Dupont
FR,Lambert
FR,Bonnet
FR,Martinez
DE,Schmidt
DE,Schneider
DE,Fischer
DE,Meyer
DE,Weber
DE,Wagner
DE,Schulz
DE,Becker
DE,Hoffmann
HU,Nagy
HU,Varga
HU,Kiss
HU,Farkas
HU,Balogh
HU,Papp
HU,Lakatos
HU,Simon
HU,Fekete
IS,Thorarensen
IS,Hansen
IS,Olsen
IS,Andersen
IS,Petersen
IS,Nielsen
IS,Waage
IS,Bergmann
IS,Briem
IS,Thorlacius
IS,Jensen
IS,Scheving
IS,Petersen
IS,Kvaran
IS,Fjeldsted
IS,Berndsen
IE,Kelly
IE,Sullivan
IE,Walsh
IE,Byrne
IE,Ryan
IE,Reilly
IE,Gallagher
IE,Doherty
IE,Quinn
IE,Moore
IT,Rossi
IT,Russo
IT,Ferrari
IT,Esposito
IT,Bianchi
IT,Romano
IT,Colombo
IT,Bruno
IT,Ricci
IT,Greco
IT,Marino
IT,Gallo
IT,Conti
IT,Costa
IT,Mancini
IT,Giordano
IT,Rizzo
IT,Lombardi
IT,Barbieri
IT,Moretti
IT,Fontana
IT,Caruso
IT,Mariani
IT,Ferrara
IT,Santoro
IT,Rinaldi
IT,Leone
IT,Longo
IT,Galli
IT,Martini
IT,Martinelli
IT,Serra
IT,Conte
IT,Vitale
IT,Marchetti
IT,Messina
IT,Gentile
IT,Villa
IT,Marini
IT,Lombardo
IT,Coppola
IT,Ferri
IT,Parisi
IT,Bianco
IT,Amato
IT,Fabbri
IT,Gatti
IT,Sala
IT,Morelli
IT,Grasso
IT,Pellegrini
IT,Ferraro
IT,Monti
IT,Palumbo
IT,Grassi
IT,Testa
IT,Valentini
IT,Carbone
IT,Benedetti
IT,Silvestri
IT,Farina
IT,Martino
IT,Bernardi
IT,Caputo
IT,Mazza
IT,Sanna
IT,Fiore
IT,Pellegrino
IT,Giuliani
IT,Rizzi
IT,Cattaneo
IT,Rossetti
IT,Orlando
IT,Basile
IT,Neri
IT,Barone
IT,Palmieri
IT,Riva
IT,Romeo
IT,Franco
IT,Sorrentino
IT,Pagano
IT,Piras
IT,Ruggiero
IT,Montanari
IT,Battaglia
IT,Bellini
IT,Castelli
IT,Guerra
IT,Poli
IT,Valente
IT,Ferretti
XK,Krasniqi
XK,Gashi
XK,Berisha
XK,Morina
XK,Shala
XK,Bytyqi
XK,Hasani
XK,Kastrati
XK,Kryeziu
XK,Hoti
XK,Fatime
XK,Bajram
XK,Emine
XK,Bekim
XK,Valon
XK,Egzon
XK,Arben
XK,Ramadan
XK,Muhamet
LV,Jansons
LV,Ozols
LV,Balodis
LV,Vanags
LT,Kazlauskas
LT,Jankauskas
LT,Petrauskas
LT,Vasiliauskas
LT,Butkus
LT,Paulauskas
LT,Urbonas
LT,Kavaliauskas
LU,Schmit
LU,Muller
LU,Weber
LU,Hoffmann
LU,Wagner
LU,Thill
LU,Schmitz
LU,Schroeder
LU,Reuter
LU,Klein
LU,Becker
LU,Kieffer
LU,Kremer
LU,Faber
LU,Meyer
LU,Schneider
LU,Weiss
LU,Schiltz
LU,Simon
LU,Welter
LU,Hansen
LU,Majerus
LU,Ries
LU,Meyers
LU,Kayser
LU,Steffen
LU,Krier
LU,Braun
LU,Wagener
LU,Diederich
MT,Borg
MT,Camilleri
MT,Vella
MT,Farrugia
MT,Zammit
MT,Galea
MT,Micallef
MT,Grech
MT,Attard
MT,Spiteri
MD,Rusu
MD,Ceban
MD,Ciobanu
MD,Cebotari
MD,Lungu
MD,Munteanu
MD,Rotari
MD,Popa
MD,Ursu
MD,Melnic
MD,Cojocari
NL,Jansen
NL,Bakker
NL,Janssen
NL,Visser
NL,Smit
NL,Meijer
NL,Meyer
NL,Mulder
NL,Bos
NL,Vos
NL,Peters
NL,Hendriks
NL,Dekker
NL,Brouwer
NL,Dijkstra
NL,Smits
MK,Andov
MK,Angelov
MK,Bogdanov
MK,Bozinov
MK,Brankov
MK,Damcevski
MK,Davidov
MK,Dimitrov
MK,Donev
MK,Filipov
MK,Georgiev
MK,Ivanov
MK,Ivanovski
MK,Janev
MK,Kitanovski
MK,Koloski
MK,Kostovski
MK,Kostov
MK,Manasievski
MK,Markov
MK,Markovski
MK,Markoski
MK,Matovski
MK,Mladenovski
MK,Nikolovski
MK,Pavlovski
MK,Penov
MK,Petkov
MK,Petrevski
MK,Petrovski
MK,Popoff
MK,Popovski
MK,Ristevski
MK,Stojanov
MK,Trajanoski
MK,Trajanovski
MK,Trajcevski
MK,Trajkovski
NO,Hansen
NO,Johansen
NO,Olsen
NO,Larsen
NO,Andersen
NO,Pedersen
NO,Nilsen
NO,Kristiansen
NO,Jensen
NO,Karlsen
NO,Johnsen
NO,Pettersen
NO,Eriksen
NO,Berg
NO,Haugen
NO,Hagen
NO,Johannessen
NO,Andreassen
NO,Jacobsen
NO,Dahl
NO,Halvorsen
NO,Henriksen
NO,Lund
PL,Nowak
PL,Kowalski
PL,Kowalczyk
PL,Lewandowski
PL,Jankowski
PL,Mazur
PL,Kwiatkowski
PL,Wojciechowski
PL,Krawczyk
PL,Kaczmarek
PL,Piotrowski
PL,Grabowski
PT,Silva
PT,Santos
PT,Ferreira
PT,Pereira
PT,Oliveira
PT,Costa
PT,Rodrigues
PT,Martins
PT,Jesus
PT,Sousa
PT,Fernandes
PT,Gomes
PT,Lopes
PT,Marques
PT,Alves
PT,Almeida
PT,Ribeiro
PT,Pinto
PT,Carvalho
PT,Teixeira
PT,Moreira
PT,Correia
PT,Mendes
PT,Nunes
PT,Soares
PT,Vieira
PT,Monteiro
PT,Cardoso
PT,Rocha
PT,Neves
PT,Coelho
PT,Cruz
PT,Cunha
PT,Pires
PT,Duarte
PT,Reis
PT,Antunes
PT,Matos
PT,Fonseca
PT,Machado
PT,Barbosa
PT,Tavares
PT,Castro
PT,Figueiredo
PT,Azevedo
PT,Freitas
RO,Popa
RO,Popescu
RO,Pop
RO,Radu
RO,Dumitru
RO,Stan
RO,Stoica
RO,Gheorghe
RO,Matei
RO,Ciobanu
RO,Ionescu
RO,Rusu
SK,Varga
SK,Nagy
SK,Balog
SK,Oravec
SI,Novak
SI,Horvat
SI,Krajnc
SI,Mlakar
SI,Kos
SI,Vidmar
SI,Golob
SI,Turk
SI,Kralj
SI,Zupan
SI,Bizjak
SI,Hribar
SI,Kotnik
SI,Rozman
SI,Kastelic
SI,Oblak
SI,Petek
SI,Kolar
SI,Koren
ES,Ruiz
ES,Moreno
ES,Alonso
ES,Romero
ES,Navarro
ES,Torres
ES,Gil
ES,Serrano
ES,Ramos
ES,Blanco
ES,Sanz
ES,Castro
ES,Ortega
ES,Rubio
ES,Molina
ES,Delgado
ES,Morales
ES,Ortiz
ES,Iglesias
SV,Andersson
SV,Johansson
SV,Karlsson
SV,Nilsson
SV,Eriksson
SV,Larsson
SV,Olsson
SV,Persson
SV,Svensson
SV,Gustafsson
SV,Pettersson
SV,Jonsson
SV,Jansson
SV,Hansson
SV,Bengtsson
SV,Lindberg
SV,Jakobsson
SV,Magnusson
SV,Olofsson
CH,Meier
CH,Schmid
CH,Keller
CH,Weber
CH,Huber
CH,Meyer
CH,Schneider
CH,Steiner
CH,Fischer
CH,Brunner
CH,Baumann
CH,Gerber
CH,Frei
CH,Moser
UA,Melnyk
UA,Shevchenko
UA,Boyko
UA,Kovalenko
UA,Bondarenko
UA,Tkachenko
UA,Kovalchuk
UA,Kravchenko
UA,Yakovenko
UA,Shevchuk
UA,Koval
UA,Polishchuk
UA,Bondar
UA,Tkachuk
UA,Moroz
UA,Marchenko
UA,Lysenko
UA,Rudenko
UA,Savchenko
UA,Petrenko
GB,Brown
GB,Smith
GB,Patel
GB,Jones
GB,Williams
GB,Johnson
GB,Taylor
GB,Thomas
GB,Roberts
GB,Khan
GB,Lewis
GB,Jackson
GB,Clarke
GB,James
GB,Phillips
GB,Wilson
GB,Ali
GB,Mason
GB,Mitchell
GB,Rose
GB,Davis
GB,Davies
GB,Cox
GB,Alexander
CA,Smith
CA,Brown
CA,Tremblay
CA,Martin
CA,Roy
CA,Gagnon
CA,Lee
CA,Wilson
CA,Johnson
CA,MacDonald
CR,Mora
CR,Morales
CR,Rojas
CR,Vargas
CR,Torres
CR,Salas
CR,Segura
CR,Valverde
CR,Villalobos
CR,Araya
CR,Herrera
CR,Madrigal
CU,Martinez
CU,Reyes
CU,Rosario
CU,Santana
CU,Castillo
CU,Cruz
CU,Santos
CU,Fuentes
CU,Ponce
CU,Vargas
CU,Montes
DO,Martinez
DO,Reyes
DO,Rosario
DO,Santana
DO,Castillo
DO,Cruz
DO,Santos
DO,Fuentes
DO,Ponce
DO,Vargas
DO,Montes
SV,Flores
SV,Rivera
SV,Cruz
SV,Rivas
SV,Reyes
SV,Ramos
SV,Portillo
SV,Escobar
SV,Orellana
SV,Romero
SV,Aguilar
SV,Alvarado
GT,Morales
GT,Castillo
GT,Estrada
GT,Reyes
GT,Aguilar
MX,Flores
MX,Torres
MX,Cruz
MX,Morales
MX,Reyes
MX,Mendoza
MX,Aguilar
MX,Castillo
MX,Romero
MX,Moreno
MX,Rivera
MX,Ramos
MX,Herrera
MX,Medina
MX,Vargas
MX,Castro
MX,Ortega
MX,Salazar
MX,Rojas
MX,Guerrero
MX,Contreras
MX,Luna
MX,Garza
MX,Estrada
MX,Soto
MX,Cortez
MX,Lara
MX,Espinoza
MX,Vega
MX,Cervantes
MX,Sandoval
MX,Carrillo
MX,Alvarado
MX,Silva
MX,Navarro
MX,Delgado
MX,Campos
MX,Ibarra
MX,Rosas
MX,Miranda
MX,Camacho
MX,Valdez
MX,Orozco
MX,Aguirre
MX,Acosta
MX,Padilla
MX,Robles
MX,Cabrera
MX,Rosales
MX,Molina
MX,Pacheco
MX,Fuentes
MX,Valenzuela
MX,Rangel
MX,Ayala
MX,Meza
MX,Nava
MX,Valencia
MX,Maldonado
MX,Ochoa
MX,Serrano
MX,Tapia
MX,Salinas
MX,Zamora
US,Smith
US,Johnson
US,Williams
US,Brown
US,Jones
US,Miller
US,Davis
US,Garcia
US,Rodriguez
US,Wilson
US,Martinez
US,Anderson
US,Taylor
US,Thomas
US,Hernandez
US,Moore
US,Martin
US,Jackson
US,Thompson
US,White
US,Lopez
US,Lee
US,Gonzalez
US,Harris
US,Clark
US,Lewis
US,Robinson
US,Walker
US,Perez
US,Hall
US,Young
US,Allen
US,Sanchez
US,Wright
US,King
US,Scott
US,Green
US,Baker
US,Adams
US,Nelson
US,Hill
US,Ramirez
US,Campbell
US,Mitchell
US,Roberts
US,Carter
US,Phillips
US,Evans
US,Turner
US,Torres
US,Parker
US,Collins
US,Edwards
US,Stewart
US,Flores
US,Morris
US,Nguyen
US,Murphy
US,Rivera
US,Cook
US,Rogers
US,Morgan
US,Peterson
US,Cooper
US,Reed
US,Bailey
US,Bell
US,Gomez
US,Kelly
US,Howard
US,Ward
US,Cox
US,Diaz
US,Richardson
US,Wood
US,Watson
US,Brooks
US,Bennett
US,Gray
US,James
US,Reyes
US,Cruz
US,Hughes
US,Price
US,Myers
US,Long
US,Foster
US,Sanders
US,Ross
US,Morales
US,Powell
US,Sullivan
US,Russell
US,Ortiz
US,Jenkins
US,Gutierrez
US,Perry
US,Butler
US,Barnes
US,Fisher
AU,Smith
AU,Jones
AU,Williams
AU,Brown
AU,Wilson
AU,Taylor
AU,Johnson
AU,White
AU,Martin
AU,Anderson
AU,Thompson
AU,Nguyen
AU,Turner
AU,Walker
AU,Harris
AU,Lee
AU,Ryan
AU,Robinson
AU,Kelly
AU,Murphy
FJ,Kumar
FJ,Prasad
FJ,Chand
FJ,Singh
FJ,Lal
FJ,Sharma
FJ,Narayan
FJ,Khan
FJ,Ali
FJ,Devi
FJ,Ram
FJ,Naidu
FJ,Chandra
FJ,Nand
FJ,Lata
FJ,Deo
FJ,Reddy
FJ,Prakash
FJ,Raj
FJ,Maharaj
FJ,Waqa
FJ,Goundar
NZ,Singh
NZ,Smith
NZ,Kaur
NZ,Williams
NZ,Patel
NZ,Wilson
NZ,Brown
NZ,Taylor
NZ,Jones
NZ,Sharma
AR,Castro
AR,Romero
AR,Blanco
AR,Ruiz
AR,Alonso
AR,Torres
AR,Sosa
AR,Iglesias
AR,Varela
AR,Ramos
AR,Rossi
AR,Silva
AR,Flores
AR,Pereyra
AR,Ferrari
AR,Ortiz
AR,Medina
AR,Herrera
AR,Arias
AR,Acosta
AR,Moreno
AR,Aguirre
AR,Otero
AR,Cabrera
AR,Rey
AR,Rojas
AR,Vidal
AR,Molina
AR,Russo
AR,Paz
AR,Vega
AR,Costa
AR,Bruno
AR,Romano
AR,Morales
AR,Miranda
AR,Franco
AR,Castillo
AR,Campos
AR,Bianchi
AR,Luna
AR,Correa
AR,Ferreyra
AR,Navarro
AR,Quiroga
AR,Colombo
AR,Cohen
AR,Pereyra
AR,Vera
AR,Lorenzo
AR,Gil
AR,Santos
AR,Delgado
AR,Godoy
AR,Rivas
AR,Rivero
AR,Gallo
AR,Peralta
AR,Soto
AR,Figueroa
AR,Marino
AR,Ponce
AR,Calvo
AR,Carrizo
AR,Vargas
AR,Mendoza
AR,Aguilar
AR,Ledesma
AR,Soria
AR,Villalba
AR,Prieto
AR,Maldonado
BR,Silva
BR,Santos
BR,Sousa
BR,Oliveira
BR,Pereira
BR,Lima
BR,Carvalho
BR,Ferreira
BR,Rodrigues
BR,Almeida
BR,Costa
BR,Gomes
BR,Martins
BR,Melo
BR,Barbosa
BR,Ribeiro
BR,Alves
BR,Cardoso
BR,Schmitz
BR,Schmidt
BR,Rocha
BR,Correia
BR,Correa
BR,Dias
BR,Teixeira
BR,Fernandes
BR,Azevedo
BR,Cavalcante
BR,Cavalcanti
BR,Montes
BR,Morais
CL,Rojas
CL,Soto
CL,Contreras
CL,Silva
CL,Morales
CL,Fuentes
CL,Torres
CL,Araya
CL,Flores
CL,Espinoza
CL,Valenzuela
CL,Castillo
CL,Reyes
CL,Castro
CL,Vargas
CL,Tapia
CL,Carrasco
CL,Herrera
CL,Jara
CL,Vergara
CL,Rivera
CL,Figueroa
CL,Riquelme
CL,Miranda
CL,Bravo
CL,Vera
CL,Molina
CL,Vega
CL,Campos
CL,Sandoval
CL,Orellana
CL,Olivares
CL,Gallardo
CL,Ortiz
CL,Garrido
CL,Salazar
CL,Saavedra
CL,Navarro
CL,Aguilera
CL,Parra
CL,Romero
CL,Aravena
CL,Pizarro
CL,Godoy
CL,Leiva
CL,Escobar
CL,Vidal
CL,Salinas
CL,Ruiz
CL,Lagos
CL,Maldonado
CL,Bustos
CL,Medina
CL,Pino
CL,Palma
CL,Moreno
CL,Sanhueza
CL,Carvajal
CL,Navarrete
CL,Alvarado
CL,Donoso
CL,Poblete
CL,Bustamante
CL,Toro
CL,Ortega
CL,Venegas
CL,Guerrero
CL,Paredes
CO,Rojas
CO,Moreno
PY,Vera
PY,Duarte
PY,Villalba
PY,Acosta
PY,Rojas
PY,Ortiz
PY,Ruiz
PY,Ayala
PY,Galeano
PY,Herrera
PY,Franco
PY,Torres
PY,Cardozo
PE,Quispe
PE,Flores
PE,Rojas
PE,Torres
PE,Mendoza
PE,Ramos
PE,Castillo
PE,Espinoza
PE,Vargas
PE,Castro
PE,Mamani
PE,Romero
PE,Morales
PE,Reyes
PE,Salazar
SR,Lin
SR,Pinas
SR,Wong
SR,Chin
SR,Mohan
SR,Kalloe
SR,Singh
SR,Lie
SR,Tjin
SR,Kluivert
SR,Semil
SR,Sabajo
